{
  "costumes": [
    {
      "bitmapResolution": 2,
      "name": "normal",
      "path": "32.png",
      "x": 50,
      "y": 36
    },
    {
      "bitmapResolution": 2,
      "name": "die-0",
      "path": "33.png",
      "x": 50,
      "y": 36
    },
    {
      "bitmapResolution": 2,
      "name": "die-1",
      "path": "34.png",
      "x": 50,
      "y": 44
    },
    {
      "bitmapResolution": 2,
      "name": "die-2",
      "path": "35.png",
      "x": 56,
      "y": 50
    },
    {
      "bitmapResolution": 2,
      "name": "die-3",
      "path": "36.png",
      "x": 44,
      "y": 38
    }
  ],
  "costumeIndex": 0,
  "fAnimations": {
    "die": {
      "onStart":{
        "play": "explode"
      },
      "frameFps": 20,
      "frameFrom": "die-0",
      "frameTo": "die-3"
    }
  },
  "heading": 90,
  "isDraggable": false,
  "rotationStyle": "normal",
  "size": 0.65,
  "visible": false,
  "x": -58,
  "y": -179
}